AphiaID,url,scientificname,authority,status,unacceptreason,taxonRankID,rank,valid_AphiaID,valid_name,valid_authority,parentNameUsageID,kingdom,phylum,class,order,family,genus,citation,lsid,isMarine,isBrackish,isFreshwater,isTerrestrial,isExtinct,match_type,modified
1360,https://www.marinespecies.org/aphia.php?p=taxdetails&id=1360,Actiniaria,"Hertwig, 1882",accepted,,100,Order,1360,Actiniaria,"Hertwig, 1882",1340,Animalia,Cnidaria,Hexacorallia,Actiniaria,,,"Rodríguez, E.; Fautin, D; Daly, M. (2024). World List of Actiniaria. Actiniaria. Accessed through: World Register of Marine Species at: https://www.marinespecies.org/aphia.php?p=taxdetails&id=1360 on 2024-12-17",urn:lsid:marinespecies.org:taxname:1360,1,1.0,,0.0,,like,2020-09-23T17:25:35.427Z
1562,https://www.marinespecies.org/aphia.php?p=taxdetails&id=1562,Ammotheidae,"Dohrn, 1881",accepted,,140,Family,1562,Ammotheidae,"Dohrn, 1881",1702219,Animalia,Arthropoda,Pycnogonida,Pantopoda,Ammotheidae,,"Bamber, R.N.; El Nagar, A.; Arango, C.P. (Eds) (2024). Pycnobase: World Pycnogonida Database. Ammotheidae Dohrn, 1881. Accessed through: World Register of Marine Species at: https://www.marinespecies.org/aphia.php?p=taxdetails&id=1562 on 2024-12-17",urn:lsid:marinespecies.org:taxname:1562,1,,,,,like,2023-10-08T16:28:42.983Z
125484,https://www.marinespecies.org/aphia.php?p=taxdetails&id=125484,Antennariidae,"Jarocki, 1822",accepted,,140,Family,125484,Antennariidae,"Jarocki, 1822",10316,Animalia,Chordata,Teleostei,Lophiiformes,Antennariidae,,"Froese, R. and D. Pauly. Editors. (2024). FishBase. Antennariidae Jarocki, 1822. Accessed through: World Register of Marine Species at: https://www.marinespecies.org/aphia.php?p=taxdetails&id=125484 on 2024-12-17",urn:lsid:marinespecies.org:taxname:125484,1,1.0,,0.0,,like,2015-04-17T08:48:21.843Z
1292,https://www.marinespecies.org/aphia.php?p=taxdetails&id=1292,Anthozoa,"Ehrenberg, 1834",accepted,,40,Subphylum,1292,Anthozoa,"Ehrenberg, 1834",1267,Animalia,Cnidaria,,,,,WoRMS (2024). Anthozoa. Accessed at: https://www.marinespecies.org/aphia.php?p=taxdetails&id=1292 on 2024-12-17,urn:lsid:marinespecies.org:taxname:1292,1,1.0,,0.0,,like,2024-02-29T07:57:50.617Z
137654,https://www.marinespecies.org/aphia.php?p=taxdetails&id=137654,Aplysia,"Linnaeus, 1767",accepted,,180,Genus,137654,Aplysia,"Linnaeus, 1767",172,Animalia,Mollusca,Gastropoda,Aplysiida,Aplysiidae,Aplysia,"MolluscaBase eds. (2024). MolluscaBase. Aplysia Linnaeus, 1767. Accessed through: World Register of Marine Species at: https://www.marinespecies.org/aphia.php?p=taxdetails&id=137654 on 2024-12-17",urn:lsid:marinespecies.org:taxname:137654,1,,,,,like,2018-09-10T09:52:24.483Z
100682,https://www.marinespecies.org/aphia.php?p=taxdetails&id=100682,Arachnactidae,"McMurrich, 1910",accepted,,140,Family,100682,Arachnactidae,"McMurrich, 1910",366466,Animalia,Cnidaria,Hexacorallia,Ceriantharia,Arachnactidae,,"Molodtsova, T. (2024). World List of Ceriantharia. Arachnactidae McMurrich, 1910. Accessed through: World Register of Marine Species at: https://www.marinespecies.org/aphia.php?p=taxdetails&id=100682 on 2024-12-17",urn:lsid:marinespecies.org:taxname:100682,1,0.0,0.0,0.0,0.0,like,2017-11-16T19:34:56.090Z
123080,https://www.marinespecies.org/aphia.php?p=taxdetails&id=123080,Asteroidea,"de Blainville, 1830",accepted,,60,Class,123080,Asteroidea,"de Blainville, 1830",148743,Animalia,Echinodermata,Asteroidea,,,,WoRMS (2024). Asteroidea. Accessed at: https://www.marinespecies.org/aphia.php?p=taxdetails&id=123080 on 2024-12-17,urn:lsid:marinespecies.org:taxname:123080,1,0.0,0.0,0.0,0.0,like,2009-06-22T07:47:14.980Z
106325,https://www.marinespecies.org/aphia.php?p=taxdetails&id=106325,Bolinopsidae,"Bigelow, 1912",accepted,,140,Family,106325,Bolinopsidae,"Bigelow, 1912",1258,Animalia,Ctenophora,Tentaculata,Lobata,Bolinopsidae,,"Mills, C.E. Internet (1998-present). Phylum Ctenophora: list of all valid species names. Electronic internet document. Bolinopsidae Bigelow, 1912. Accessed through: World Register of Marine Species at: https://www.marinespecies.org/aphia.php?p=taxdetails&id=106325 on 2024-12-17",urn:lsid:marinespecies.org:taxname:106325,1,1.0,0.0,0.0,,like,2024-01-03T10:20:43.283Z
224570,https://www.marinespecies.org/aphia.php?p=taxdetails&id=224570,Caenogastropoda,"L. R. Cox, 1960",accepted,,70,Subclass,224570,Caenogastropoda,"L. R. Cox, 1960",101,Animalia,Mollusca,Gastropoda,,,,WoRMS (2024). Caenogastropoda. Accessed at: https://www.marinespecies.org/aphia.php?p=taxdetails&id=224570 on 2024-12-17,urn:lsid:marinespecies.org:taxname:224570,1,1.0,1.0,1.0,,like,2022-12-14T11:04:40.847Z
125523,https://www.marinespecies.org/aphia.php?p=taxdetails&id=125523,Carangidae,"Rafinesque, 1815",accepted,,140,Family,125523,Carangidae,"Rafinesque, 1815",1517532,Animalia,Chordata,Teleostei,Carangiformes,Carangidae,,"Froese, R. and D. Pauly. Editors. (2024). FishBase. Carangidae Rafinesque, 1815. Accessed through: World Register of Marine Species at: https://www.marinespecies.org/aphia.php?p=taxdetails&id=125523 on 2024-12-17",urn:lsid:marinespecies.org:taxname:125523,1,1.0,1.0,0.0,,like,2021-06-30T10:22:35.833Z
135085,https://www.marinespecies.org/aphia.php?p=taxdetails&id=135085,Caryophyllia,"Lamarck, 1801",accepted,,180,Genus,135085,Caryophyllia,"Lamarck, 1801",135073,Animalia,Cnidaria,Hexacorallia,Scleractinia,Caryophylliidae,Caryophyllia,"Hoeksema, B. W.; Cairns, S. (2024). World List of Scleractinia. Caryophyllia Lamarck, 1801. Accessed through: World Register of Marine Species at: https://www.marinespecies.org/aphia.php?p=taxdetails&id=135085 on 2024-12-17",urn:lsid:marinespecies.org:taxname:135085,1,,0.0,0.0,0.0,like,2023-12-31T09:27:46.590Z
206732,https://www.marinespecies.org/aphia.php?p=taxdetails&id=206732,Cephalopholis,"Bloch & Schneider, 1801",accepted,,180,Genus,206732,Cephalopholis,"Bloch & Schneider, 1801",1776907,Animalia,Chordata,Teleostei,Perciformes,Epinephelidae,Cephalopholis,"Froese, R. and D. Pauly. Editors. (2024). FishBase. Cephalopholis Bloch & Schneider, 1801. Accessed through: World Register of Marine Species at: https://www.marinespecies.org/aphia.php?p=taxdetails&id=206732 on 2024-12-17",urn:lsid:marinespecies.org:taxname:206732,1,1.0,0.0,0.0,,like,2014-11-21T13:09:37.943Z
131868,https://www.marinespecies.org/aphia.php?p=taxdetails&id=131868,Clathria,"Schmidt, 1862",accepted,,180,Genus,131868,Clathria,"Schmidt, 1862",167457,Animalia,Porifera,Demospongiae,Poecilosclerida,Microcionidae,Clathria,"de Voogd, N.J.; Alvarez, B.; Boury-Esnault, N.; Cárdenas, P.; Díaz, M.-C.; Dohrmann, M.; Downey, R.; Goodwin, C.; Hajdu, E.; Hooper, J.N.A.; Kelly, M.; Klautau, M.; Lim, S.C.; Manconi, R.; Morrow, C.; Pinheiro, U.; Pisera, A.B.; Ríos, P.; Rützler, K.; Schönberg, C.; Turner, T.; Vacelet, J.; van Soest, R.W.M.; Xavier, J. (2024). World Porifera Database. Clathria Schmidt, 1862. Accessed through: World Register of Marine Species at: https://www.marinespecies.org/aphia.php?p=taxdetails&id=131868 on 2024-12-17",urn:lsid:marinespecies.org:taxname:131868,1,0.0,0.0,0.0,0.0,like,2020-12-13T10:31:54.303Z
164811,https://www.marinespecies.org/aphia.php?p=taxdetails&id=164811,Demospongiae,"Sollas, 1885",accepted,,60,Class,164811,Demospongiae,"Sollas, 1885",558,Animalia,Porifera,Demospongiae,,,,WoRMS (2024). Demospongiae. Accessed at: https://www.marinespecies.org/aphia.php?p=taxdetails&id=164811 on 2024-12-17,urn:lsid:marinespecies.org:taxname:164811,1,1.0,1.0,0.0,0.0,like,2020-10-22T11:37:08.657Z
123111,https://www.marinespecies.org/aphia.php?p=taxdetails&id=123111,Dendrochirotida,"Grube, 1840",accepted,,100,Order,123111,Dendrochirotida,"Grube, 1840",1393249,Animalia,Echinodermata,Holothuroidea,Dendrochirotida,,,WoRMS (2024). Dendrochirotida. Accessed at: https://www.marinespecies.org/aphia.php?p=taxdetails&id=123111 on 2024-12-17,urn:lsid:marinespecies.org:taxname:123111,1,,0.0,0.0,0.0,like,2019-12-17T19:34:03.573Z
131745,https://www.marinespecies.org/aphia.php?p=taxdetails&id=131745,Dysidea,"Johnston, 1842",accepted,,180,Genus,131745,Dysidea,"Johnston, 1842",131624,Animalia,Porifera,Demospongiae,Dictyoceratida,Dysideidae,Dysidea,"de Voogd, N.J.; Alvarez, B.; Boury-Esnault, N.; Cárdenas, P.; Díaz, M.-C.; Dohrmann, M.; Downey, R.; Goodwin, C.; Hajdu, E.; Hooper, J.N.A.; Kelly, M.; Klautau, M.; Lim, S.C.; Manconi, R.; Morrow, C.; Pinheiro, U.; Pisera, A.B.; Ríos, P.; Rützler, K.; Schönberg, C.; Turner, T.; Vacelet, J.; van Soest, R.W.M.; Xavier, J. (2024). World Porifera Database. Dysidea Johnston, 1842. Accessed through: World Register of Marine Species at: https://www.marinespecies.org/aphia.php?p=taxdetails&id=131745 on 2024-12-17",urn:lsid:marinespecies.org:taxname:131745,1,0.0,0.0,0.0,,like,2020-06-17T08:42:31.030Z
149855,https://www.marinespecies.org/aphia.php?p=taxdetails&id=149855,Echinacea,"Claus, 1876",accepted,,85,Subterclass,149855,Echinacea,"Claus, 1876",510517,Animalia,Echinodermata,Echinoidea,,,,"Kroh, A.; Mooi, R. (2024). World Echinoidea Database. Echinacea. Accessed through: World Register of Marine Species at: https://www.marinespecies.org/aphia.php?p=taxdetails&id=149855 on 2024-12-17",urn:lsid:marinespecies.org:taxname:149855,1,0.0,0.0,0.0,0.0,like,2022-03-23T16:01:24.187Z
179659,https://www.marinespecies.org/aphia.php?p=taxdetails&id=179659,Echinometra,"Gray, 1825",accepted,,180,Genus,179659,Echinometra,"Gray, 1825",179653,Animalia,Echinodermata,Echinoidea,Camarodonta,Echinometridae,Echinometra,"Kroh, A.; Mooi, R. (2024). World Echinoidea Database. Echinometra Gray, 1825. Accessed through: World Register of Marine Species at: https://www.marinespecies.org/aphia.php?p=taxdetails&id=179659 on 2024-12-17",urn:lsid:marinespecies.org:taxname:179659,1,0.0,0.0,0.0,0.0,like,2010-09-06T12:28:48.800Z
888371,https://www.marinespecies.org/aphia.php?p=taxdetails&id=888371,Enthemonae,"Rodríguez & Daly in Rodríguez et al., 2014",accepted,,110,Suborder,888371,Enthemonae,"Rodríguez & Daly in Rodríguez et al., 2014",1360,Animalia,Cnidaria,Hexacorallia,Actiniaria,,,"Rodríguez, E.; Fautin, D; Daly, M. (2024). World List of Actiniaria. Enthemonae. Accessed through: World Register of Marine Species at: https://www.marinespecies.org/aphia.php?p=taxdetails&id=888371 on 2024-12-17",urn:lsid:marinespecies.org:taxname:888371,1,1.0,,0.0,,like,2016-10-22T18:09:45.233Z
137954,https://www.marinespecies.org/aphia.php?p=taxdetails&id=137954,Eubranchus,"Forbes, 1838",accepted,,180,Genus,137954,Eubranchus,"Forbes, 1838",193,Animalia,Mollusca,Gastropoda,Nudibranchia,Eubranchidae,Eubranchus,"MolluscaBase eds. (2024). MolluscaBase. Eubranchus Forbes, 1838. Accessed through: World Register of Marine Species at: https://www.marinespecies.org/aphia.php?p=taxdetails&id=137954 on 2024-12-17",urn:lsid:marinespecies.org:taxname:137954,1,,0.0,0.0,,like,2017-09-28T13:49:48.007Z
415414,https://www.marinespecies.org/aphia.php?p=taxdetails&id=415414,Gemophos,"Olsson & Harbison, 1953",accepted,,180,Genus,415414,Gemophos,"Olsson & Harbison, 1953",1054108,Animalia,Mollusca,Gastropoda,Neogastropoda,Pisaniidae,Gemophos,"MolluscaBase eds. (2024). MolluscaBase. Gemophos Olsson & Harbison, 1953. Accessed through: World Register of Marine Species at: https://www.marinespecies.org/aphia.php?p=taxdetails&id=415414 on 2024-12-17",urn:lsid:marinespecies.org:taxname:415414,1,0.0,0.0,0.0,,like,2024-11-22T04:29:32.747Z
131834,https://www.marinespecies.org/aphia.php?p=taxdetails&id=131834,Haliclona,"Grant, 1841",accepted,,180,Genus,131834,Haliclona,"Grant, 1841",131636,Animalia,Porifera,Demospongiae,Haplosclerida,Chalinidae,Haliclona,"de Voogd, N.J.; Alvarez, B.; Boury-Esnault, N.; Cárdenas, P.; Díaz, M.-C.; Dohrmann, M.; Downey, R.; Goodwin, C.; Hajdu, E.; Hooper, J.N.A.; Kelly, M.; Klautau, M.; Lim, S.C.; Manconi, R.; Morrow, C.; Pinheiro, U.; Pisera, A.B.; Ríos, P.; Rützler, K.; Schönberg, C.; Turner, T.; Vacelet, J.; van Soest, R.W.M.; Xavier, J. (2024). World Porifera Database. Haliclona Grant, 1841. Accessed through: World Register of Marine Species at: https://www.marinespecies.org/aphia.php?p=taxdetails&id=131834 on 2024-12-17",urn:lsid:marinespecies.org:taxname:131834,1,0.0,0.0,0.0,0.0,like,2020-12-11T12:18:55.240Z
248339,https://www.marinespecies.org/aphia.php?p=taxdetails&id=248339,Heptacarpus,"Holmes, 1900",accepted,,180,Genus,248339,Heptacarpus,"Holmes, 1900",883967,Animalia,Arthropoda,Malacostraca,Decapoda,Thoridae,Heptacarpus,"DecaNet eds. (2024). DecaNet. Heptacarpus Holmes, 1900. Accessed through: World Register of Marine Species at: https://www.marinespecies.org/aphia.php?p=taxdetails&id=248339 on 2024-12-17",urn:lsid:marinespecies.org:taxname:248339,1,,,0.0,,like,2019-08-31T15:51:32.633Z
123456,https://www.marinespecies.org/aphia.php?p=taxdetails&id=123456,Holothuria,"Linnaeus, 1767",accepted,,180,Genus,123456,Holothuria,"Linnaeus, 1767",731943,Animalia,Echinodermata,Holothuroidea,Holothuriida,Holothuriidae,Holothuria,"WoRMS (2024). Holothuria Linnaeus, 1767. Accessed at: https://www.marinespecies.org/aphia.php?p=taxdetails&id=123456 on 2024-12-17",urn:lsid:marinespecies.org:taxname:123456,1,,0.0,0.0,,like,2022-05-17T07:45:05.637Z
123083,https://www.marinespecies.org/aphia.php?p=taxdetails&id=123083,Holothuroidea,"de Blainville, 1834",accepted,,60,Class,123083,Holothuroidea,"de Blainville, 1834",148744,Animalia,Echinodermata,Holothuroidea,,,,WoRMS (2024). Holothuroidea. Accessed at: https://www.marinespecies.org/aphia.php?p=taxdetails&id=123083 on 2024-12-17,urn:lsid:marinespecies.org:taxname:123083,1,1.0,0.0,0.0,0.0,like,2022-03-15T12:10:34.203Z
206125,https://www.marinespecies.org/aphia.php?p=taxdetails&id=206125,Iphione,"Kinberg, 1856",accepted,,180,Genus,206125,Iphione,"Kinberg, 1856",155222,Animalia,Annelida,Polychaeta,Phyllodocida,Iphionidae,Iphione,"Read, G.; Fauchald, K. (Ed.) (2024). World Polychaeta Database. Iphione Kinberg, 1856. Accessed through: World Register of Marine Species at: https://www.marinespecies.org/aphia.php?p=taxdetails&id=206125 on 2024-12-17",urn:lsid:marinespecies.org:taxname:206125,1,0.0,0.0,0.0,0.0,like,2020-08-14T09:22:19.573Z
125540,https://www.marinespecies.org/aphia.php?p=taxdetails&id=125540,Kyphosidae,"Jordan, 1887",accepted,,140,Family,125540,Kyphosidae,"Jordan, 1887",1517557,Animalia,Chordata,Teleostei,Centrarchiformes,Kyphosidae,,"Froese, R. and D. Pauly. Editors. (2024). FishBase. Kyphosidae Jordan, 1887. Accessed through: World Register of Marine Species at: https://www.marinespecies.org/aphia.php?p=taxdetails&id=125540 on 2024-12-17",urn:lsid:marinespecies.org:taxname:125540,1,1.0,,0.0,,like,2021-06-30T10:54:26.830Z
125302,https://www.marinespecies.org/aphia.php?p=taxdetails&id=125302,Leptogorgia,"Milne Edwards, 1857",accepted,,180,Genus,125302,Leptogorgia,"Milne Edwards, 1857",125275,Animalia,Cnidaria,Octocorallia,Malacalcyonacea,Gorgoniidae,Leptogorgia,"McFadden, C.S.; Cordeiro, R.; Williams, G.; van Ofwegen, L. (2024). World List of Octocorallia. Leptogorgia Milne Edwards, 1857. Accessed through: World Register of Marine Species at: https://www.marinespecies.org/aphia.php?p=taxdetails&id=125302 on 2024-12-17",urn:lsid:marinespecies.org:taxname:125302,1,,0.0,0.0,,like,2021-06-19T21:34:25.780Z
1778,https://www.marinespecies.org/aphia.php?p=taxdetails&id=1778,Limidae,"Rafinesque, 1815",accepted,,140,Family,1778,Limidae,"Rafinesque, 1815",246153,Animalia,Mollusca,Bivalvia,Limida,Limidae,,"MolluscaBase eds. (2024). MolluscaBase. Limidae Rafinesque, 1815. Accessed through: World Register of Marine Species at: https://www.marinespecies.org/aphia.php?p=taxdetails&id=1778 on 2024-12-17",urn:lsid:marinespecies.org:taxname:1778,1,,,,,like,2015-04-27T20:26:20.287Z
923,https://www.marinespecies.org/aphia.php?p=taxdetails&id=923,Maldanidae,"Malmgren, 1867",accepted,,140,Family,923,Maldanidae,"Malmgren, 1867",183607,Animalia,Annelida,Polychaeta,,Maldanidae,,"Read, G.; Fauchald, K. (Ed.) (2024). World Polychaeta Database. Maldanidae Malmgren, 1867. Accessed through: World Register of Marine Species at: https://www.marinespecies.org/aphia.php?p=taxdetails&id=923 on 2024-12-17",urn:lsid:marinespecies.org:taxname:923,1,0.0,0.0,0.0,0.0,like,2010-03-03T00:50:30.050Z
100770,https://www.marinespecies.org/aphia.php?p=taxdetails&id=100770,Metridium,"de Blainville, 1824",accepted,,180,Genus,100770,Metridium,"de Blainville, 1824",100678,Animalia,Cnidaria,Hexacorallia,Actiniaria,Metridiidae,Metridium,"Rodríguez, E.; Fautin, D; Daly, M. (2024). World List of Actiniaria. Metridium de Blainville, 1824. Accessed through: World Register of Marine Species at: https://www.marinespecies.org/aphia.php?p=taxdetails&id=100770 on 2024-12-17",urn:lsid:marinespecies.org:taxname:100770,1,,,0.0,,like,2015-10-06T13:36:17.557Z
131641,https://www.marinespecies.org/aphia.php?p=taxdetails&id=131641,Microcionidae,"Carter, 1875",accepted,,140,Family,131641,Microcionidae,"Carter, 1875",131599,Animalia,Porifera,Demospongiae,Poecilosclerida,Microcionidae,,"de Voogd, N.J.; Alvarez, B.; Boury-Esnault, N.; Cárdenas, P.; Díaz, M.-C.; Dohrmann, M.; Downey, R.; Goodwin, C.; Hajdu, E.; Hooper, J.N.A.; Kelly, M.; Klautau, M.; Lim, S.C.; Manconi, R.; Morrow, C.; Pinheiro, U.; Pisera, A.B.; Ríos, P.; Rützler, K.; Schönberg, C.; Turner, T.; Vacelet, J.; van Soest, R.W.M.; Xavier, J. (2024). World Porifera Database. Microcionidae Carter, 1875. Accessed through: World Register of Marine Species at: https://www.marinespecies.org/aphia.php?p=taxdetails&id=131641 on 2024-12-17",urn:lsid:marinespecies.org:taxname:131641,1,0.0,0.0,0.0,0.0,like,2015-04-22T06:11:52.117Z
205902,https://www.marinespecies.org/aphia.php?p=taxdetails&id=205902,Millepora,"Linnaeus, 1758",accepted,,180,Genus,205902,Millepora,"Linnaeus, 1758",196235,Animalia,Cnidaria,Hydrozoa,Anthoathecata,Milleporidae,Millepora,"WoRMS (2024). Millepora Linnaeus, 1758. Accessed at: https://www.marinespecies.org/aphia.php?p=taxdetails&id=205902 on 2024-12-17",urn:lsid:marinespecies.org:taxname:205902,1,0.0,0.0,0.0,0.0,like,2017-02-03T07:23:49.443Z
177745,https://www.marinespecies.org/aphia.php?p=taxdetails&id=177745,Muricea,"Lamouroux, 1821",accepted,,180,Genus,177745,Muricea,"Lamouroux, 1821",125277,Animalia,Cnidaria,Octocorallia,Malacalcyonacea,Plexauridae,Muricea,"McFadden, C.S.; Cordeiro, R.; Williams, G.; van Ofwegen, L. (2024). World List of Octocorallia. Muricea Lamouroux, 1821. Accessed through: World Register of Marine Species at: https://www.marinespecies.org/aphia.php?p=taxdetails&id=177745 on 2024-12-17",urn:lsid:marinespecies.org:taxname:177745,1,,0.0,0.0,,like,2023-03-13T08:15:42.747Z
145,https://www.marinespecies.org/aphia.php?p=taxdetails&id=145,Naticidae,"Guilding, 1834",accepted,,140,Family,145,Naticidae,"Guilding, 1834",14776,Animalia,Mollusca,Gastropoda,Littorinimorpha,Naticidae,,"MolluscaBase eds. (2024). MolluscaBase. Naticidae Guilding, 1834. Accessed through: World Register of Marine Species at: https://www.marinespecies.org/aphia.php?p=taxdetails&id=145 on 2024-12-17",urn:lsid:marinespecies.org:taxname:145,1,1.0,0.0,0.0,0.0,like,2024-08-24T00:37:59.250Z
246351,https://www.marinespecies.org/aphia.php?p=taxdetails&id=246351,Neaxius,"Borradaile, 1903",accepted,,180,Genus,246351,Neaxius,"Borradaile, 1903",477356,Animalia,Arthropoda,Malacostraca,Decapoda,Strahlaxiidae,Neaxius,"DecaNet eds. (2024). DecaNet. Neaxius Borradaile, 1903. Accessed through: World Register of Marine Species at: https://www.marinespecies.org/aphia.php?p=taxdetails&id=246351 on 2024-12-17",urn:lsid:marinespecies.org:taxname:246351,1,,,,,like,2019-12-04T18:37:25.427Z
385576,https://www.marinespecies.org/aphia.php?p=taxdetails&id=385576,Nuttallina,"Dall, 1871",accepted,,180,Genus,385576,Nuttallina,"Dall, 1871",385537,Animalia,Mollusca,Polyplacophora,Chitonida,Tonicellidae,Nuttallina,"MolluscaBase eds. (2024). MolluscaBase. Nuttallina Dall, 1871. Accessed through: World Register of Marine Species at: https://www.marinespecies.org/aphia.php?p=taxdetails&id=385576 on 2024-12-17",urn:lsid:marinespecies.org:taxname:385576,1,0.0,0.0,0.0,0.0,like,2023-11-21T08:49:09.337Z
11718,https://www.marinespecies.org/aphia.php?p=taxdetails&id=11718,Octopoda,"Leach, 1818",accepted,,100,Order,11718,Octopoda,"Leach, 1818",325343,Animalia,Mollusca,Cephalopoda,Octopoda,,,MolluscaBase eds. (2024). MolluscaBase. Octopoda. Accessed through: World Register of Marine Species at: https://www.marinespecies.org/aphia.php?p=taxdetails&id=11718 on 2024-12-17,urn:lsid:marinespecies.org:taxname:11718,1,,0.0,0.0,,like,2018-02-07T15:28:10.423Z
138268,https://www.marinespecies.org/aphia.php?p=taxdetails&id=138268,Octopus,"Cuvier, 1798",accepted,,180,Genus,138268,Octopus,"Cuvier, 1798",11782,Animalia,Mollusca,Cephalopoda,Octopoda,Octopodidae,Octopus,"MolluscaBase eds. (2024). MolluscaBase. Octopus Cuvier, 1798. Accessed through: World Register of Marine Species at: https://www.marinespecies.org/aphia.php?p=taxdetails&id=138268 on 2024-12-17",urn:lsid:marinespecies.org:taxname:138268,1,,0.0,0.0,,like,2020-05-04T20:12:36.980Z
123084,https://www.marinespecies.org/aphia.php?p=taxdetails&id=123084,Ophiuroidea,"Gray, 1840",accepted,,60,Class,123084,Ophiuroidea,"Gray, 1840",148743,Animalia,Echinodermata,Ophiuroidea,,,,"Stöhr, S.; O’Hara, T.; Thuy, B. (Eds) (2024). World Ophiuroidea Database. Ophiuroidea. Accessed through: World Register of Marine Species at: https://www.marinespecies.org/aphia.php?p=taxdetails&id=123084 on 2024-12-17",urn:lsid:marinespecies.org:taxname:123084,1,,0.0,0.0,0.0,like,2009-06-22T07:47:14.980Z
1774,https://www.marinespecies.org/aphia.php?p=taxdetails&id=1774,Ostreida,"A. Férussac, 1822",accepted,,100,Order,1774,Ostreida,"A. Férussac, 1822",206,Animalia,Mollusca,Bivalvia,Ostreida,,,MolluscaBase eds. (2024). MolluscaBase. Ostreida. Accessed through: World Register of Marine Species at: https://www.marinespecies.org/aphia.php?p=taxdetails&id=1774 on 2024-12-17,urn:lsid:marinespecies.org:taxname:1774,1,0.0,0.0,0.0,0.0,like,2019-06-08T22:02:18.547Z
267665,https://www.marinespecies.org/aphia.php?p=taxdetails&id=267665,Pacifigorgia,"Bayer, 1951",accepted,,180,Genus,267665,Pacifigorgia,"Bayer, 1951",125275,Animalia,Cnidaria,Octocorallia,Malacalcyonacea,Gorgoniidae,Pacifigorgia,"McFadden, C.S.; Cordeiro, R.; Williams, G.; van Ofwegen, L. (2024). World List of Octocorallia. Pacifigorgia Bayer, 1951. Accessed through: World Register of Marine Species at: https://www.marinespecies.org/aphia.php?p=taxdetails&id=267665 on 2024-12-17",urn:lsid:marinespecies.org:taxname:267665,1,,0.0,0.0,,like,2021-06-19T21:34:25.780Z
206614,https://www.marinespecies.org/aphia.php?p=taxdetails&id=206614,Pavona,"Lamarck, 1801",accepted,,180,Genus,206614,Pavona,"Lamarck, 1801",196096,Animalia,Cnidaria,Hexacorallia,Scleractinia,Agariciidae,Pavona,"Hoeksema, B. W.; Cairns, S. (2024). World List of Scleractinia. Pavona Lamarck, 1801. Accessed through: World Register of Marine Species at: https://www.marinespecies.org/aphia.php?p=taxdetails&id=206614 on 2024-12-17",urn:lsid:marinespecies.org:taxname:206614,1,,0.0,0.0,,like,2022-05-11T17:19:33.090Z
117190,https://www.marinespecies.org/aphia.php?p=taxdetails&id=117190,Pennaria,"Goldfuss, 1820",accepted,,180,Genus,117190,Pennaria,"Goldfuss, 1820",22787,Animalia,Cnidaria,Hydrozoa,Anthoathecata,Pennariidae,Pennaria,"Schuchert, P. (2024). World Hydrozoa Database. Pennaria Goldfuss, 1820. Accessed through: World Register of Marine Species at: https://www.marinespecies.org/aphia.php?p=taxdetails&id=117190 on 2024-12-17",urn:lsid:marinespecies.org:taxname:117190,1,0.0,0.0,0.0,0.0,like,2024-01-07T15:08:55.350Z
132044,https://www.marinespecies.org/aphia.php?p=taxdetails&id=132044,Placospongia,"Gray, 1867",accepted,,180,Genus,132044,Placospongia,"Gray, 1867",131672,Animalia,Porifera,Demospongiae,Clionaida,Placospongiidae,Placospongia,"de Voogd, N.J.; Alvarez, B.; Boury-Esnault, N.; Cárdenas, P.; Díaz, M.-C.; Dohrmann, M.; Downey, R.; Goodwin, C.; Hajdu, E.; Hooper, J.N.A.; Kelly, M.; Klautau, M.; Lim, S.C.; Manconi, R.; Morrow, C.; Pinheiro, U.; Pisera, A.B.; Ríos, P.; Rützler, K.; Schönberg, C.; Turner, T.; Vacelet, J.; van Soest, R.W.M.; Xavier, J. (2024). World Porifera Database. Placospongia Gray, 1867. Accessed through: World Register of Marine Species at: https://www.marinespecies.org/aphia.php?p=taxdetails&id=132044 on 2024-12-17",urn:lsid:marinespecies.org:taxname:132044,1,0.0,0.0,0.0,0.0,like,2020-12-16T10:32:25.820Z
125277,https://www.marinespecies.org/aphia.php?p=taxdetails&id=125277,Plexauridae,"Gray, 1859",accepted,,140,Family,125277,Plexauridae,"Gray, 1859",1609357,Animalia,Cnidaria,Octocorallia,Malacalcyonacea,Plexauridae,,"McFadden, C.S.; Cordeiro, R.; Williams, G.; van Ofwegen, L. (2024). World List of Octocorallia. Plexauridae Gray, 1859. Accessed through: World Register of Marine Species at: https://www.marinespecies.org/aphia.php?p=taxdetails&id=125277 on 2024-12-17",urn:lsid:marinespecies.org:taxname:125277,1,,0.0,0.0,,like,2022-11-06T01:15:04.990Z
206938,https://www.marinespecies.org/aphia.php?p=taxdetails&id=206938,Pocillopora,"Lamarck, 1816",accepted,,180,Genus,206938,Pocillopora,"Lamarck, 1816",135079,Animalia,Cnidaria,Hexacorallia,Scleractinia,Pocilloporidae,Pocillopora,"Hoeksema, B. W.; Cairns, S. (2024). World List of Scleractinia. Pocillopora Lamarck, 1816. Accessed through: World Register of Marine Species at: https://www.marinespecies.org/aphia.php?p=taxdetails&id=206938 on 2024-12-17",urn:lsid:marinespecies.org:taxname:206938,1,,0.0,0.0,,like,2022-05-20T17:56:48.857Z
558,https://www.marinespecies.org/aphia.php?p=taxdetails&id=558,Porifera,"Grant, 1836",accepted,,30,Phylum,558,Porifera,"Grant, 1836",2,Animalia,Porifera,,,,,WoRMS (2024). Porifera. Accessed at: https://www.marinespecies.org/aphia.php?p=taxdetails&id=558 on 2024-12-17,urn:lsid:marinespecies.org:taxname:558,1,1.0,1.0,0.0,0.0,like,2016-08-25T08:03:30.877Z
206485,https://www.marinespecies.org/aphia.php?p=taxdetails&id=206485,Porites,"Link, 1807",accepted,,180,Genus,206485,Porites,"Link, 1807",196105,Animalia,Cnidaria,Hexacorallia,Scleractinia,Poritidae,Porites,"Hoeksema, B. W.; Cairns, S. (2024). World List of Scleractinia. Porites Link, 1807. Accessed through: World Register of Marine Species at: https://www.marinespecies.org/aphia.php?p=taxdetails&id=206485 on 2024-12-17",urn:lsid:marinespecies.org:taxname:206485,1,,0.0,0.0,,like,2022-05-14T09:41:15.220Z
267790,https://www.marinespecies.org/aphia.php?p=taxdetails&id=267790,Pterogorgia,"Ehrenberg, 1834",accepted,,180,Genus,267790,Pterogorgia,"Ehrenberg, 1834",1749535,Animalia,Cnidaria,Octocorallia,Malacalcyonacea,Pterogorgiidae,Pterogorgia,"McFadden, C.S.; Cordeiro, R.; Williams, G.; van Ofwegen, L. (2024). World List of Octocorallia. Pterogorgia Ehrenberg, 1834. Accessed through: World Register of Marine Species at: https://www.marinespecies.org/aphia.php?p=taxdetails&id=267790 on 2024-12-17",urn:lsid:marinespecies.org:taxname:267790,1,,0.0,0.0,,like,2024-04-30T22:32:43.333Z
1302,https://www.marinespecies.org/aphia.php?p=taxdetails&id=1302,Pycnogonida,"Latreille, 1810",accepted,,60,Class,1302,Pycnogonida,"Latreille, 1810",1274,Animalia,Arthropoda,Pycnogonida,,,,"Bamber, R.N.; El Nagar, A.; Arango, C.P. (Eds) (2024). Pycnobase: World Pycnogonida Database. Pycnogonida. Accessed through: World Register of Marine Species at: https://www.marinespecies.org/aphia.php?p=taxdetails&id=1302 on 2024-12-17",urn:lsid:marinespecies.org:taxname:1302,1,,,,,like,2008-08-27T10:45:13.503Z
137224,https://www.marinespecies.org/aphia.php?p=taxdetails&id=137224,Pyrosoma,"Péron, 1804",accepted,,180,Genus,137224,Pyrosoma,"Péron, 1804",719849,Animalia,Chordata,Thaliacea,Pyrosomatida,Pyrosomatidae,Pyrosoma,"Garic, R.; Madin, L.; van Soest, R.W.M. (2024). World List of Thaliacea. Pyrosoma Péron, 1804. Accessed through: World Register of Marine Species at: https://www.marinespecies.org/aphia.php?p=taxdetails&id=137224 on 2024-12-17",urn:lsid:marinespecies.org:taxname:137224,1,0.0,0.0,0.0,0.0,like,2019-05-31T12:42:03.847Z
137213,https://www.marinespecies.org/aphia.php?p=taxdetails&id=137213,Pyrosomatida,"Jones, 1848",accepted,,100,Order,137213,Pyrosomatida,"Jones, 1848",22626,Animalia,Chordata,Thaliacea,Pyrosomatida,,,"Garic, R.; Madin, L.; van Soest, R.W.M. (2024). World List of Thaliacea. Pyrosomatida. Accessed through: World Register of Marine Species at: https://www.marinespecies.org/aphia.php?p=taxdetails&id=137213 on 2024-12-17",urn:lsid:marinespecies.org:taxname:137213,1,,0.0,0.0,0.0,like,2013-03-23T14:55:39.580Z
206071,https://www.marinespecies.org/aphia.php?p=taxdetails&id=206071,Sabellastarte,"Krøyer, 1856",accepted,,180,Genus,206071,Sabellastarte,"Krøyer, 1856",154917,Animalia,Annelida,Polychaeta,Sabellida,Sabellidae,Sabellastarte,"Read, G.; Fauchald, K. (Ed.) (2024). World Polychaeta Database. Sabellastarte Krøyer, 1856. Accessed through: World Register of Marine Species at: https://www.marinespecies.org/aphia.php?p=taxdetails&id=206071 on 2024-12-17",urn:lsid:marinespecies.org:taxname:206071,1,0.0,0.0,0.0,0.0,like,2020-08-19T04:15:50.203Z
985,https://www.marinespecies.org/aphia.php?p=taxdetails&id=985,Sabellidae,"Latreille, 1825",accepted,,140,Family,985,Sabellidae,"Latreille, 1825",901,Animalia,Annelida,Polychaeta,Sabellida,Sabellidae,,"Read, G.; Fauchald, K. (Ed.) (2024). World Polychaeta Database. Sabellidae Latreille, 1825. Accessed through: World Register of Marine Species at: https://www.marinespecies.org/aphia.php?p=taxdetails&id=985 on 2024-12-17",urn:lsid:marinespecies.org:taxname:985,1,0.0,0.0,0.0,0.0,like,2010-09-12T20:35:08.490Z
988,https://www.marinespecies.org/aphia.php?p=taxdetails&id=988,Serpulidae,"Rafinesque, 1815",accepted,,140,Family,988,Serpulidae,"Rafinesque, 1815",901,Animalia,Annelida,Polychaeta,Sabellida,Serpulidae,,"WoRMS (2024). Serpulidae Rafinesque, 1815. Accessed at: https://www.marinespecies.org/aphia.php?p=taxdetails&id=988 on 2024-12-17",urn:lsid:marinespecies.org:taxname:988,1,1.0,1.0,0.0,0.0,like,2024-10-10T07:50:19.527Z
138518,https://www.marinespecies.org/aphia.php?p=taxdetails&id=138518,Spondylus,"Linnaeus, 1758",accepted,,180,Genus,138518,Spondylus,"Linnaeus, 1758",23121,Animalia,Mollusca,Bivalvia,Pectinida,Spondylidae,Spondylus,"MolluscaBase eds. (2024). MolluscaBase. Spondylus Linnaeus, 1758. Accessed through: World Register of Marine Species at: https://www.marinespecies.org/aphia.php?p=taxdetails&id=138518 on 2024-12-17",urn:lsid:marinespecies.org:taxname:138518,1,,,,,like,2018-10-20T11:57:08.440Z
203822,https://www.marinespecies.org/aphia.php?p=taxdetails&id=203822,Stegastes,"Jenyns, 1840",accepted,,180,Genus,203822,Stegastes,"Jenyns, 1840",125553,Animalia,Chordata,Teleostei,Ovalentaria incertae sedis,Pomacentridae,Stegastes,"Froese, R. and D. Pauly. Editors. (2024). FishBase. Stegastes Jenyns, 1840. Accessed through: World Register of Marine Species at: https://www.marinespecies.org/aphia.php?p=taxdetails&id=203822 on 2024-12-17",urn:lsid:marinespecies.org:taxname:203822,1,1.0,0.0,0.0,,like,2014-12-02T12:48:54.943Z
367769,https://www.marinespecies.org/aphia.php?p=taxdetails&id=367769,Stenoplax,"P. P. Carpenter, 1879",accepted,,180,Genus,367769,Stenoplax,"P. P. Carpenter, 1879",69,Animalia,Mollusca,Polyplacophora,Chitonida,Ischnochitonidae,Stenoplax,"MolluscaBase eds. (2024). MolluscaBase. Stenoplax P. P. Carpenter, 1879. Accessed through: World Register of Marine Species at: https://www.marinespecies.org/aphia.php?p=taxdetails&id=367769 on 2024-12-17",urn:lsid:marinespecies.org:taxname:367769,1,0.0,0.0,0.0,,like,2021-04-06T20:13:44.437Z
14355,https://www.marinespecies.org/aphia.php?p=taxdetails&id=14355,Stomatopoda,"Latreille, 1816",accepted,,100,Order,14355,Stomatopoda,"Latreille, 1816",1087,Animalia,Arthropoda,Malacostraca,Stomatopoda,,,WoRMS (2024). Stomatopoda. Accessed at: https://www.marinespecies.org/aphia.php?p=taxdetails&id=14355 on 2024-12-17,urn:lsid:marinespecies.org:taxname:14355,1,1.0,0.0,0.0,0.0,like,2024-05-06T12:21:19.020Z
123390,https://www.marinespecies.org/aphia.php?p=taxdetails&id=123390,Strongylocentrotus,"Brandt, 1835",accepted,,180,Genus,123390,Strongylocentrotus,"Brandt, 1835",123161,Animalia,Echinodermata,Echinoidea,Camarodonta,Strongylocentrotidae,Strongylocentrotus,"Kroh, A.; Mooi, R. (2024). World Echinoidea Database. Strongylocentrotus Brandt, 1835. Accessed through: World Register of Marine Species at: https://www.marinespecies.org/aphia.php?p=taxdetails&id=123390 on 2024-12-17",urn:lsid:marinespecies.org:taxname:123390,1,0.0,0.0,0.0,0.0,like,2022-05-17T08:00:14.483Z
125449,https://www.marinespecies.org/aphia.php?p=taxdetails&id=125449,Synodontidae,"Gill, 1861",accepted,,140,Family,125449,Synodontidae,"Gill, 1861",10308,Animalia,Chordata,Teleostei,Aulopiformes,Synodontidae,,"Froese, R. and D. Pauly. Editors. (2024). FishBase. Synodontidae Gill, 1861. Accessed through: World Register of Marine Species at: https://www.marinespecies.org/aphia.php?p=taxdetails&id=125449 on 2024-12-17",urn:lsid:marinespecies.org:taxname:125449,1,1.0,,0.0,,like,2015-04-17T08:48:21.843Z
100766,https://www.marinespecies.org/aphia.php?p=taxdetails&id=100766,Telmatactis,"Gravier, 1916",accepted,,180,Genus,100766,Telmatactis,"Gravier, 1916",100659,Animalia,Cnidaria,Hexacorallia,Actiniaria,Andvakiidae,Telmatactis,"Rodríguez, E.; Fautin, D; Daly, M. (2024). World List of Actiniaria. Telmatactis Gravier, 1916. Accessed through: World Register of Marine Species at: https://www.marinespecies.org/aphia.php?p=taxdetails&id=100766 on 2024-12-17",urn:lsid:marinespecies.org:taxname:100766,1,,,0.0,,like,2017-10-15T14:39:34.683Z
982,https://www.marinespecies.org/aphia.php?p=taxdetails&id=982,Terebellidae,"Johnston, 1846",accepted,,140,Family,982,Terebellidae,"Johnston, 1846",152292,Animalia,Annelida,Polychaeta,Terebellida,Terebellidae,,"Read, G.; Fauchald, K. (Ed.) (2024). World Polychaeta Database. Terebellidae Johnston, 1846. Accessed through: World Register of Marine Species at: https://www.marinespecies.org/aphia.php?p=taxdetails&id=982 on 2024-12-17",urn:lsid:marinespecies.org:taxname:982,1,1.0,0.0,0.0,0.0,like,2024-05-28T02:11:03.150Z
123179,https://www.marinespecies.org/aphia.php?p=taxdetails&id=123179,Toxopneustidae,"Troschel, 1872",accepted,,140,Family,123179,Toxopneustidae,"Troschel, 1872",510604,Animalia,Echinodermata,Echinoidea,Camarodonta,Toxopneustidae,,"Kroh, A.; Mooi, R. (2024). World Echinoidea Database. Toxopneustidae Troschel, 1872. Accessed through: World Register of Marine Species at: https://www.marinespecies.org/aphia.php?p=taxdetails&id=123179 on 2024-12-17",urn:lsid:marinespecies.org:taxname:123179,1,0.0,0.0,0.0,0.0,like,2010-08-31T07:25:31.670Z
100706,https://www.marinespecies.org/aphia.php?p=taxdetails&id=100706,Urticina,"Ehrenberg, 1834",accepted,,180,Genus,100706,Urticina,"Ehrenberg, 1834",100653,Animalia,Cnidaria,Hexacorallia,Actiniaria,Actiniidae,Urticina,"Rodríguez, E.; Fautin, D; Daly, M. (2024). World List of Actiniaria. Urticina Ehrenberg, 1834. Accessed through: World Register of Marine Species at: https://www.marinespecies.org/aphia.php?p=taxdetails&id=100706 on 2024-12-17",urn:lsid:marinespecies.org:taxname:100706,1,,,0.0,,like,2015-10-06T13:36:17.557Z
